iter	MultiClass
0	2.174810843
1	2.116564539
2	2.076503786
3	2.049750703
4	2.031820398
5	2.012545353
6	1.991553615
7	1.97364023
8	1.964706023
9	1.945736767
